"Species";"EstimateLogit";"Std.errorLogit";"Trend";"Presence";"Total";"Flower_colour";"Flower_shape";"Nectar_qty";"Pct_insect_dep";"Pct_wind_dep";"Pollination"
"Acer campestre";0.085;0.01;"Increase";542;1193;"Gr";"d";"abundant";80;20;"Insect-pollinated"
"Acer negundo";0.114;0.049;"Increase";31;142;"Ye";"d";"little";0;100;"Wind-pollinated"
"Acer platanoides";-0.03;0.015;"Decline";181;616;"Ye";"d";"abundant";75;25;"Insect-pollinated"
"Acer pseudoplatanus";0.044;0.008;"Increase";684;1571;"Gr";"d";"abundant";83.3333333333333;16.6666666666667;"Insect-pollinated"
"Achillea millefolium";0.003;0.01;"Trendless";704;1268;"W";"h";"abundant";100;0;"Insect-pollinated"
"Aegilops geniculata";0.125;0.065;"Increase";23;53;"Gr";"br";"absence";0;100;"Wind-pollinated"
"Aethusa cynapium";-0.001;0.021;"Trendless";100;410;"W";"h";"abundant";80;0;"Insect-pollinated"
"Agrimonia eupatoria";0.115;0.013;"Increase";298;631;"Ye";"d";"absence";71.4285714285714;0;"Insect-pollinated"
"Agrostis canina";-0.062;0.022;"Decline";79;373;"VPR";"br";"absence";0;100;"Wind-pollinated"
"Agrostis capillaris";0.052;0.01;"Increase";375;1152;"VPR";"br";"absence";0;100;"Wind-pollinated"
"Agrostis stolonifera";0.019;0.011;"Increase";408;1166;"VPR";"br";"absence";0;100;"Wind-pollinated"
"Aira caryophyllea";-0.015;0.047;"Trendless";33;99;"Gr";"br";"absence";0;28.5714285714286;"Other"
"Ajuga reptans";0.015;0.016;"Trendless";202;448;"B";"l";"abundant";66.6666666666667;0;"Insect-pollinated"
"Alchemilla acutiloba";-0.136;0.073;"Decline";20;36;"Gr";"d";"little";0;0;"Other"
"Alchemilla alpina";-0.176;0.051;"Decline";37;60;"Gr";"d";"little";33.3333333333333;0;"Other"
"Alliaria petiolata";0.115;0.015;"Increase";234;589;"W";"d";"abundant";71.4285714285714;0;"Insect-pollinated"
"Allium vineale";0.014;0.04;"Trendless";33;166;"VPR";"d";"very abundant";83.3333333333333;0;"Insect-pollinated"
"Alnus glutinosa";-0.009;0.049;"Trendless";41;81;"VPR";"t";"little";0;100;"Wind-pollinated"
"Alopecurus geniculatus";-0.017;0.079;"Trendless";18;65;"Gr";"br";"absence";0;100;"Wind-pollinated"
"Alopecurus myosuroides";0.025;0.007;"Increase";524;1575;"Gr";"br";"absence";0;100;"Wind-pollinated"
"Alopecurus pratensis";0.115;0.021;"Increase";109;367;"Gr";"br";"absence";0;100;"Wind-pollinated"
"Amaranthus deflexus";-0.004;0.042;"Trendless";16;100;"VPR";"d";NA;0;66.6666666666667;"Wind-pollinated"
"Amaranthus hybridus";0.097;0.022;"Increase";61;330;"VPR";"d";"absence";0;75;"Wind-pollinated"
"Amaranthus retroflexus";-0.018;0.026;"Trendless";48;316;"Gr";"d";"absence";0;80;"Wind-pollinated"
"Amelanchier ovalis";-0.014;0.038;"Trendless";58;94;"W";"d";"abundant";75;0;"Insect-pollinated"
"Anacamptis pyramidalis";0.038;0.037;"Increase";47;139;"VPR";"l";"absence";100;0;"Insect-pollinated"
"Anemone hepatica";-0.246;0.07;"Decline";48;85;"B";"d";"absence";75;0;"Insect-pollinated"
"Anemone nemorosa";-0.037;0.013;"Decline";206;561;"W";"d";"absence";71.4285714285714;0;"Insect-pollinated"
"Angelica sylvestris";-0.001;0.031;"Trendless";59;149;"W";"h";"abundant";100;0;"Insect-pollinated"
"Anisantha diandra";-0.05;0.025;"Decline";40;210;"Gr";"br";"absence";0;100;"Wind-pollinated"
"Anisantha madritensis";0.09;0.057;"Increase";33;101;"Gr";"br";"absence";0;50;"Wind-pollinated"
"Anisantha sterilis";-0.018;0.007;"Decline";689;2414;"Gr";"br";"absence";0;100;"Wind-pollinated"
"Anthemis arvensis";-0.097;0.058;"Decline";31;94;"W";"h";"abundant";83.3333333333333;0;"Insect-pollinated"
"Anthoxanthum odoratum";0.051;0.011;"Increase";324;664;"Ye";"br";"absence";0;87.5;"Wind-pollinated"
"Anthriscus caucalis";-0.117;0.038;"Decline";23;124;"W";"h";NA;33.3333333333333;0;"Other"
"Anthriscus sylvestris";-0.034;0.014;"Decline";193;804;"W";"h";"abundant";100;0;"Insect-pollinated"
"Anthyllis vulneraria";0.041;0.036;"Increase";70;123;"Ye";"fl";"abundant";85.7142857142857;0;"Insect-pollinated"
"Apera spica-venti";-0.073;0.014;"Decline";141;653;"VPR";"br";"absence";0;100;"Wind-pollinated"
"Aphanes arvensis";-0.22;0.033;"Decline";49;311;"Gr";"d";"absence";25;0;"Other"
"Aphyllanthes monspeliensis";0.032;0.025;"Increase";191;217;"B";"b";NA;100;0;"Insect-pollinated"
"Arabidopsis thaliana";-0.126;0.063;"Decline";22;120;"W";"d";"little";50;0;"Insect-pollinated"
"Arbutus unedo";0.004;0.043;"Trendless";88;121;"W";"b";NA;100;0;"Insect-pollinated"
"Arctium lappa";-0.073;0.039;"Decline";51;183;"VPR";"h";"abundant";66.6666666666667;0;"Insect-pollinated"
"Arctium minus";0.013;0.033;"Trendless";51;286;"VPR";"h";NA;77.7777777777778;0;"Insect-pollinated"
"Arenaria serpyllifolia";-0.037;0.023;"Decline";104;352;"W";"d";"little";60;0;"Insect-pollinated"
"Argentina anserina";-0.097;0.04;"Decline";40;101;"Ye";"d";NA;100;0;"Insect-pollinated"
"Argyrolobium zanonii";0.034;0.037;"Trendless";66;90;"Ye";"fl";NA;100;0;"Insect-pollinated"
"Arrhenatherum elatius";0.088;0.007;"Increase";924;1871;"VPR";"br";"absence";0;75;"Wind-pollinated"
"Artemisia vulgaris";-0.065;0.012;"Decline";318;1197;"W";"h";"absence";16.6666666666667;83.3333333333333;"Wind-pollinated"
"Arum italicum";0.061;0.037;"Increase";65;180;"W";"t";NA;100;0;"Insect-pollinated"
"Arum maculatum";-0.003;0.021;"Trendless";145;450;"Gr";"t";"little";100;0;"Insect-pollinated"
"Asparagus acutifolius";0.064;0.02;"Increase";224;388;"Ye";"b";NA;100;0;"Insect-pollinated"
"Asperula cynanchica";0.172;0.05;"Increase";42;87;"VPR";"d";"abundant";80;0;"Insect-pollinated"
"Asphodelus ramosus";-0.215;0.047;"Decline";96;115;"VPR";"d";NA;100;0;"Insect-pollinated"
"Astragalus monspessulanus";-0.142;0.055;"Decline";32;60;"VPR";"fl";NA;100;0;"Insect-pollinated"
"Atriplex patula";0.194;0.029;"Increase";64;392;"Gr";"d";"little";37.5;50;"Wind-pollinated"
"Atriplex prostrata";-0.203;0.05;"Decline";35;88;"Gr";"d";NA;40;50;"Wind-pollinated"
"Avena barbata";0.124;0.047;"Increase";61;128;"Gr";"br";"absence";0;100;"Wind-pollinated"
"Avena fatua";-0.048;0.008;"Decline";473;1775;"Gr";"br";"absence";0;83.3333333333333;"Wind-pollinated"
"Avena sativa";0.028;0.025;"Increase";58;266;"Gr";"br";"absence";0;50;"Wind-pollinated"
"Avena sterilis";0.206;0.046;"Increase";40;93;"Gr";"br";"absence";0;87.5;"Wind-pollinated"
"Avenella flexuosa";-0.026;0.022;"Decline";158;270;"W";"br";"absence";0;100;"Wind-pollinated"
"Avenula pubescens";-0.182;0.062;"Decline";21;119;"VPR";"br";"absence";0;100;"Wind-pollinated"
"Bellis perennis";-0.036;0.011;"Decline";510;1070;"W";"h";"abundant";71.4285714285714;0;"Insect-pollinated"
"Beta vulgaris";0.12;0.025;"Increase";49;198;"VPR";"d";"abundant";0;80;"Wind-pollinated"
"Betonica officinalis";-0.068;0.034;"Decline";57;129;"VPR";"l";"little";66.6666666666667;0;"Insect-pollinated"
"Betula pendula";-0.005;0.02;"Trendless";173;542;"Gr";"br";"absence";0;100;"Wind-pollinated"
"Betula pubescens";-0.009;0.019;"Trendless";101;335;"Gr";"br";"absence";0;100;"Wind-pollinated"
"Bituminaria bituminosa";0.137;0.033;"Increase";126;167;"B";"fl";NA;100;0;"Insect-pollinated"
"Blackstonia perfoliata";0.104;0.033;"Increase";48;126;"Ye";"dt";NA;16.6666666666667;0;"Other"
"Brachypodium phoenicoides";0.099;0.031;"Increase";55;114;"Gr";"br";"absence";0;100;"Wind-pollinated"
"Brachypodium pinnatum";-0.034;0.016;"Decline";178;410;"Gr";"br";"absence";0;100;"Wind-pollinated"
"Brachypodium retusum";0.069;0.023;"Increase";168;257;"Gr";"br";"absence";0;100;"Wind-pollinated"
"Brachypodium rupestre";0.377;0.039;"Increase";43;143;"Gr";"br";"absence";0;100;"Wind-pollinated"
"Brachypodium sylvaticum";0.071;0.008;"Increase";580;1358;"Gr";"br";"absence";0;100;"Wind-pollinated"
"Briza media";0.076;0.039;"Increase";77;125;"VPR";"br";"absence";0;100;"Wind-pollinated"
"Briza minor";0.262;0.065;"Increase";32;64;"Gr";"br";"absence";0;100;"Wind-pollinated"
"Bromopsis erecta";0.032;0.021;"Increase";200;511;"Gr";"br";"absence";0;100;"Wind-pollinated"
"Bromus arvensis";-0.02;0.034;"Trendless";42;192;"VPR";"br";"absence";0;50;"Wind-pollinated"
"Bromus commutatus";0.099;0.032;"Increase";30;191;"Gr";"br";"absence";0;80;"Wind-pollinated"
"Bromus hordeaceus";0.038;0.009;"Increase";451;1461;"Gr";"br";"absence";0;70;"Wind-pollinated"
"Bromus racemosus";-0.204;0.031;"Decline";50;344;"Gr";"br";"absence";0;100;"Wind-pollinated"
"Bromus secalinus";-0.108;0.03;"Decline";36;216;"Gr";"br";"absence";0;66.6666666666667;"Wind-pollinated"
"Bryonia dioica";-0.148;0.035;"Decline";63;184;"W";"d";"abundant";100;0;"Insect-pollinated"
"Buglossoides arvensis";0.008;0.076;"Trendless";17;75;"W";"f";NA;50;0;"Insect-pollinated"
"Buxus sempervirens";-0.093;0.021;"Decline";215;241;"Gr";"br";"abundant";83.3333333333333;16.6666666666667;"Insect-pollinated"
"Calamagrostis epigejos";-0.015;0.03;"Trendless";42;202;"VPR";"br";"absence";0;100;"Wind-pollinated"
"Calendula arvensis";-0.065;0.045;"Decline";28;55;"Ye";"h";NA;60;0;"Insect-pollinated"
"Calluna vulgaris";-0.008;0.017;"Trendless";224;376;"VPR";"b";"abundant";44.4444444444444;55.5555555555556;"Wind-pollinated"
"Campanula rapunculoides";0.175;0.076;"Increase";14;81;"B";"b";"little";66.6666666666667;0;"Insect-pollinated"
"Campanula rapunculus";0.186;0.029;"Increase";76;262;"B";"b";NA;50;0;"Insect-pollinated"
"Campanula rotundifolia";-0.074;0.041;"Decline";68;108;"B";"b";"abundant";85.7142857142857;0;"Insect-pollinated"
"Capsella bursa-pastoris";-0.062;0.013;"Decline";281;1110;"W";"d";"little";50;0;"Insect-pollinated"
"Cardamine hirsuta";-0.047;0.024;"Decline";102;389;"W";"d";"abundant";33.3333333333333;0;"Other"
"Cardamine pratensis";-0.089;0.053;"Decline";47;112;"VPR";"d";"abundant";90.9090909090909;0;"Insect-pollinated"
"Carduus nutans";-0.07;0.049;"Decline";14;71;"VPR";"h";"little";66.6666666666667;0;"Insect-pollinated"
"Carduus pycnocephalus";0.001;0.047;"Trendless";61;103;"VPR";"h";NA;66.6666666666667;0;"Insect-pollinated"
"Carex acutiformis";0.041;0.044;"Trendless";26;87;"VPR";"br";"absence";0;100;"Wind-pollinated"
"Carex caryophyllea";-0.032;0.057;"Trendless";22;46;"VPR";"br";"absence";0;100;"Wind-pollinated"
"Carex divulsa";0.032;0.033;"Trendless";43;175;"Gr";"br";"absence";0;100;"Wind-pollinated"
"Carex flacca";-0.001;0.015;"Trendless";249;456;"VPR";"br";"absence";0;100;"Wind-pollinated"
"Carex halleriana";0.174;0.044;"Increase";119;176;"W";"br";"absence";0;100;"Wind-pollinated"
"Carex hirta";0.11;0.027;"Increase";80;213;"Gr";"br";"absence";0;100;"Wind-pollinated"
"Carex humilis";0.129;0.045;"Increase";53;73;"VPR";"br";"absence";0;100;"Wind-pollinated"
"Carex pallescens";-0.126;0.054;"Decline";31;83;"Gr";"br";NA;0;100;"Wind-pollinated"
"Carex pendula";0.283;0.056;"Increase";43;79;"VPR";"br";"absence";0;100;"Wind-pollinated"
"Carex pilulifera";-0.115;0.026;"Decline";85;269;"VPR";"br";"absence";0;100;"Wind-pollinated"
"Carex remota";-0.098;0.034;"Decline";45;154;"Gr";"br";"absence";0;100;"Wind-pollinated"
"Carex spicata";-0.088;0.045;"Decline";23;108;"Gr";"br";"absence";0;100;"Wind-pollinated"
"Carex sylvatica";0.141;0.011;"Increase";386;898;"Gr";"br";"absence";0;100;"Wind-pollinated"
"Carpinus betulus";-0.005;0.006;"Trendless";1056;1891;"Gr";"br";"absence";0;100;"Wind-pollinated"
"Castanea sativa";-0.046;0.01;"Decline";493;866;"Gr";"br";"abundant";42.8571428571429;42.8571428571429;"Other"
"Catapodium rigidum";0.072;0.043;"Increase";45;188;"Gr";"br";"absence";0;83.3333333333333;"Wind-pollinated"
"Celtis australis";0.263;0.074;"Increase";24;58;"Gr";"d";NA;0;100;"Wind-pollinated"
"Centaurea aspera";0.269;0.1;"Increase";23;40;"VPR";"h";NA;66.6666666666667;0;"Insect-pollinated"
"Centaurea decipiens";0.158;0.032;"Increase";56;124;"VPR";"h";"abundant";75;0;"Insect-pollinated"
"Centaurea jacea";0.038;0.02;"Increase";159;408;"VPR";"h";"abundant";75;0;"Insect-pollinated"
"Centaurea nigra";0.105;0.033;"Increase";77;176;"VPR";"h";"very abundant";85.7142857142857;0;"Insect-pollinated"
"Centaurea scabiosa";0.061;0.042;"Increase";50;105;"VPR";"h";"abundant";83.3333333333333;0;"Insect-pollinated"
"Centaurium erythraea";0.06;0.034;"Increase";42;171;"VPR";"dt";"absence";77.7777777777778;0;"Insect-pollinated"
"Cerastium arvense";-0.117;0.044;"Decline";52;142;"W";"d";"abundant";83.3333333333333;0;"Insect-pollinated"
"Cerastium fontanum";-0.045;0.011;"Decline";390;1167;"W";"d";"absence";75;0;"Insect-pollinated"
"Cerastium glomeratum";-0.074;0.024;"Decline";133;381;"W";"d";"absence";0;0;"Other"
"Cerastium pumilum";0.117;0.035;"Increase";27;88;"W";"d";NA;33.3333333333333;0;"Other"
"Ceratochloa cathartica";0.651;0.115;"Increase";23;75;"Gr";"br";"absence";0;50;"Wind-pollinated"
"Chaenorhinum minus";-0.058;0.04;"Decline";22;146;"B";"fl";NA;40;0;"Other"
"Chaerophyllum temulum";0.059;0.022;"Increase";112;445;"W";"h";"abundant";100;0;"Insect-pollinated"
"Chelidonium majus";0.04;0.038;"Increase";46;126;"Ye";"d";"absence";71.4285714285714;0;"Insect-pollinated"
"Chenopodiastrum hybridum";-0.15;0.028;"Decline";37;230;"Gr";"d";"absence";33.3333333333333;66.6666666666667;"Wind-pollinated"
"Chenopodium album";0.011;0.006;"Increase";742;2654;"W";"d";"absence";0;100;"Wind-pollinated"
"Cichorium intybus";0.148;0.05;"Increase";51;93;"B";"h";"abundant";83.3333333333333;0;"Insect-pollinated"
"Circaea lutetiana";0.022;0.014;"Increase";200;501;"W";"d";"little";66.6666666666667;0;"Insect-pollinated"
"Cirsium acaulon";-0.043;0.087;"Trendless";28;43;"VPR";"h";NA;83.3333333333333;0;"Insect-pollinated"
"Cirsium arvense";0.005;0.006;"Trendless";929;2822;"VPR";"h";"abundant";83.3333333333333;0;"Insect-pollinated"
"Cirsium palustre";0.048;0.039;"Increase";55;129;"VPR";"h";"very abundant";80;0;"Insect-pollinated"
"Cirsium vulgare";-0.073;0.013;"Decline";302;1413;"VPR";"h";"very abundant";83.3333333333333;0;"Insect-pollinated"
"Cistus albidus";0.033;0.037;"Trendless";65;97;"VPR";"d";NA;100;0;"Insect-pollinated"
"Cistus monspeliensis";-0.026;0.034;"Trendless";119;182;"W";"d";NA;100;0;"Insect-pollinated"
"Cistus salviifolius";-0.022;0.033;"Trendless";98;146;"W";"d";NA;100;0;"Insect-pollinated"
"Clematis flammula";0.072;0.034;"Increase";95;166;"W";"d";NA;100;0;"Insect-pollinated"
"Clematis vitalba";0.076;0.009;"Increase";517;1205;"W";"d";"abundant";85.7142857142857;0;"Insect-pollinated"
"Clinopodium nepeta";0.059;0.033;"Increase";58;187;"VPR";"l";"little";100;0;"Insect-pollinated"
"Clinopodium vulgare";0.057;0.034;"Increase";60;232;"VPR";"l";"abundant";83.3333333333333;0;"Insect-pollinated"
"Conopodium majus";-0.096;0.048;"Decline";43;85;"W";"h";"abundant";100;0;"Insect-pollinated"
"Convallaria majalis";0.003;0.017;"Trendless";159;254;"W";"b";"abundant";44.4444444444444;11.1111111111111;"Other"
"Convolvulus arvensis";-0.024;0.006;"Decline";1461;3390;"VPR";"f";"abundant";71.4285714285714;0;"Insect-pollinated"
"Convolvulus sepium";0.021;0.01;"Increase";431;1008;"W";"f";NA;83.3333333333333;0;"Insect-pollinated"
"Cornus mas";-0.163;0.02;"Decline";105;373;"W";"d";"abundant";100;0;"Insect-pollinated"
"Cornus sanguinea";0.059;0.009;"Increase";601;1177;"W";"d";"little";100;0;"Insect-pollinated"
"Coronilla minima";-0.019;0.041;"Trendless";56;80;"Ye";"fl";"absence";100;0;"Insect-pollinated"
"Coronilla varia";0.084;0.021;"Increase";61;154;"B";"fl";"little";100;0;"Insect-pollinated"
"Corylus avellana";0.029;0.01;"Increase";618;1186;"Gr";"br";"absence";0;100;"Wind-pollinated"
"Crataegus laevigata";-0.25;0.045;"Decline";59;183;"W";"d";"abundant";83.3333333333333;0;"Insect-pollinated"
"Crataegus monogyna";-0.001;0.007;"Trendless";1005;1896;"W";"d";"abundant";85.7142857142857;0;"Insect-pollinated"
"Crepis biennis";-0.241;0.092;"Decline";13;37;"Ye";"h";"abundant";80;0;"Insect-pollinated"
"Crepis capillaris";-0.035;0.013;"Decline";285;901;"Ye";"h";"abundant";100;0;"Insect-pollinated"
"Crepis foetida";-0.054;0.039;"Decline";34;103;"Ye";"h";NA;80;0;"Insect-pollinated"
"Crepis sancta";0.113;0.03;"Increase";87;236;"Ye";"h";NA;66.6666666666667;0;"Insect-pollinated"
"Crepis setosa";-0.018;0.022;"Trendless";92;503;"Ye";"h";NA;66.6666666666667;0;"Insect-pollinated"
"Crepis vesicaria";0.092;0.031;"Increase";57;232;"Ye";"h";NA;85.7142857142857;0;"Insect-pollinated"
"Cruciata laevipes";-0.041;0.022;"Decline";113;258;"Ye";"d";NA;85.7142857142857;0;"Insect-pollinated"
"Cyanus segetum";0.199;0.046;"Increase";25;66;"B";"h";NA;100;0;"Insect-pollinated"
"Cynodon dactylon";-0.029;0.025;"Decline";92;269;"VPR";"br";"absence";0;80;"Wind-pollinated"
"Cynosurus cristatus";0.066;0.029;"Increase";99;169;"Gr";"br";"absence";0;85.7142857142857;"Wind-pollinated"
"Cynosurus echinatus";0.111;0.058;"Increase";35;89;"Gr";"br";"absence";0;100;"Wind-pollinated"
"Cytisus scoparius";0.056;0.017;"Increase";220;579;"Ye";"fl";"absence";85.7142857142857;0;"Insect-pollinated"
"Dactylis glomerata";0.038;0.006;"Increase";1831;3259;"Gr";"br";"absence";20;70;"Wind-pollinated"
"Danthonia decumbens";-0.117;0.039;"Decline";37;106;"Gr";"br";"absence";0;28.5714285714286;"Other"
"Daphne laureola";0.069;0.05;"Increase";46;78;"Gr";"dt";"abundant";100;0;"Insect-pollinated"
"Datura stramonium";0.135;0.058;"Increase";18;105;"W";"dt";"abundant";75;0;"Insect-pollinated"
"Daucus carota";-0.026;0.008;"Decline";876;2322;"W";"h";"abundant";83.3333333333333;0;"Insect-pollinated"
"Deschampsia cespitosa";-0.02;0.027;"Trendless";107;217;"Gr";"br";"absence";0;100;"Wind-pollinated"
"Digitalis purpurea";-0.08;0.034;"Decline";59;142;"VPR";"b";"abundant";100;0;"Insect-pollinated"
"Digitaria sanguinalis";-0.119;0.02;"Decline";97;294;"VPR";"br";"absence";0;75;"Wind-pollinated"
"Dioscorea communis";0.003;0.017;"Trendless";220;446;"Ye";"d";"little";100;0;"Insect-pollinated"
"Diplotaxis erucoides";-0.248;0.07;"Decline";23;43;"W";"d";NA;50;0;"Insect-pollinated"
"Diplotaxis tenuifolia";0.043;0.064;"Trendless";27;77;"Ye";"d";"abundant";66.6666666666667;0;"Insect-pollinated"
"Dipsacus fullonum";-0.148;0.054;"Decline";44;147;"VPR";"f";"abundant";60;0;"Insect-pollinated"
"Draba verna";0.059;0.055;"Increase";23;83;"W";"d";"little";25;0;"Other"
"Echinochloa crus-galli";0.027;0.014;"Increase";138;622;"VPR";"br";"absence";0;66.6666666666667;"Wind-pollinated"
"Echium vulgare";-0.192;0.032;"Decline";70;164;"B";"b";"very abundant";100;0;"Insect-pollinated"
"Elymus caninus";-0.019;0.072;"Trendless";31;103;"Gr";"br";"absence";0;88.8888888888889;"Wind-pollinated"
"Elytrigia campestris";-0.064;0.036;"Decline";112;430;"Gr";"br";"absence";0;100;"Wind-pollinated"
"Elytrigia repens";0.018;0.009;"Increase";460;1542;"Gr";"br";"absence";0;100;"Wind-pollinated"
"Epilobium angustifolium";-0.083;0.066;"Decline";15;55;"VPR";"d";"very abundant";85.7142857142857;0;"Insect-pollinated"
"Epilobium hirsutum";-0.15;0.033;"Decline";66;266;"VPR";"d";"abundant";80;0;"Insect-pollinated"
"Epilobium montanum";0.034;0.034;"Trendless";65;218;"VPR";"d";"abundant";71.4285714285714;0;"Insect-pollinated"
"Epilobium parviflorum";-0.231;0.039;"Decline";39;244;"VPR";"d";"abundant";71.4285714285714;0;"Insect-pollinated"
"Epilobium tetragonum";-0.085;0.014;"Decline";207;1028;"VPR";"d";"little";12.5;0;"Other"
"Epipactis helleborine";0.039;0.037;"Increase";43;133;"VPR";"l";"absence";71.4285714285714;0;"Insect-pollinated"
"Erica arborea";-0.164;0.038;"Decline";82;121;"W";"b";NA;100;0;"Insect-pollinated"
"Erica cinerea";-0.033;0.022;"Decline";108;197;"VPR";"b";"very abundant";50;0;"Insect-pollinated"
"Erigeron annuus";-0.043;0.027;"Decline";73;183;"W";"h";NA;66.6666666666667;0;"Insect-pollinated"
"Erigeron canadensis";-0.02;0.012;"Decline";295;1100;"W";"h";NA;80;0;"Insect-pollinated"
"Erigeron sumatrensis";-0.028;0.022;"Decline";121;421;"W";"h";NA;66.6666666666667;0;"Insect-pollinated"
"Erodium cicutarium";-0.031;0.02;"Decline";118;373;"VPR";"d";"abundant";66.6666666666667;0;"Insect-pollinated"
"Ervilia hirsuta";-0.001;0.013;"Trendless";257;826;"W";"fl";NA;80;0;"Insect-pollinated"
"Ervum tetraspermum";-0.152;0.029;"Decline";62;260;"VPR";"fl";NA;83.3333333333333;0;"Insect-pollinated"
"Eryngium campestre";0.134;0.022;"Increase";143;285;"W";"h";"very abundant";85.7142857142857;0;"Insect-pollinated"
"Euonymus europaeus";0.122;0.013;"Increase";287;734;"W";"d";"little";100;0;"Insect-pollinated"
"Eupatorium cannabinum";0.096;0.04;"Increase";50;124;"VPR";"h";"abundant";87.5;0;"Insect-pollinated"
"Euphorbia amygdaloides";-0.01;0.016;"Trendless";204;385;"Gr";"d";"abundant";100;0;"Insect-pollinated"
"Euphorbia cyparissias";-0.092;0.019;"Decline";199;411;"Gr";"d";"abundant";83.3333333333333;0;"Insect-pollinated"
"Euphorbia exigua";-0.155;0.024;"Decline";103;395;"Gr";"d";"abundant";100;0;"Insect-pollinated"
"Euphorbia helioscopia";-0.08;0.022;"Decline";108;503;"Gr";"d";"abundant";83.3333333333333;0;"Insect-pollinated"
"Euphorbia peplus";0.011;0.04;"Trendless";50;200;"Gr";"d";"abundant";85.7142857142857;0;"Insect-pollinated"
"Euphorbia serrata";0.144;0.058;"Increase";38;59;"Gr";"d";NA;100;0;"Insect-pollinated"
"Fagus sylvatica";0.01;0.01;"Trendless";677;1024;"VPR";"br";"absence";16.6666666666667;83.3333333333333;"Wind-pollinated"
"Fallopia convolvulus";-0.016;0.005;"Decline";1017;2718;"W";"dt";"little";14.2857142857143;14.2857142857143;"Other"
"Festuca heterophylla";0.035;0.029;"Increase";53;178;"Gr";"br";"absence";0;100;"Wind-pollinated"
"Festuca ovina";-0.024;0.015;"Decline";127;408;"Gr";"br";"absence";0;100;"Wind-pollinated"
"Festuca rubra";-0.107;0.011;"Decline";307;855;"VPR";"br";"absence";0;100;"Wind-pollinated"
"Ficaria verna";0.064;0.039;"Increase";66;172;"Ye";"d";"very abundant";100;0;"Insect-pollinated"
"Filago germanica";-0.071;0.092;"Trendless";14;38;"Ye";"h";NA;66.6666666666667;16.6666666666667;"Insect-pollinated"
"Filipendula ulmaria";-0.028;0.029;"Trendless";84;141;"W";"d";"absence";66.6666666666667;0;"Insect-pollinated"
"Foeniculum vulgare";0.042;0.036;"Increase";64;98;"Ye";"h";"abundant";100;0;"Insect-pollinated"
"Fragaria vesca";-0.072;0.012;"Decline";396;754;"W";"d";"abundant";83.3333333333333;0;"Insect-pollinated"
"Frangula alnus";0.009;0.019;"Trendless";197;374;"Gr";"d";"little";100;0;"Insect-pollinated"
"Fraxinus excelsior";-0.022;0.006;"Decline";1347;2340;"VPR";"t";NA;0;100;"Wind-pollinated"
"Fumaria capreolata";-0.002;0.038;"Trendless";34;89;"VPR";"d";"abundant";66.6666666666667;0;"Insect-pollinated"
"Fumaria officinalis";-0.042;0.024;"Decline";68;388;"VPR";"d";"abundant";71.4285714285714;0;"Insect-pollinated"
"Galeopsis tetrahit";0.092;0.018;"Increase";154;489;"VPR";"l";"abundant";42.8571428571429;0;"Other"
"Galium album";0.615;0.108;"Increase";21;119;"W";"d";NA;60;0;"Insect-pollinated"
"Galium aparine";-0.062;0.005;"Decline";1735;4355;"W";"d";"little";55.5555555555556;0;"Insect-pollinated"
"Galium mollugo";0.017;0.013;"Increase";378;842;"W";"d";"little";71.4285714285714;0;"Insect-pollinated"
"Galium odoratum";-0.058;0.033;"Decline";101;160;"W";"d";"very abundant";66.6666666666667;0;"Insect-pollinated"
"Galium palustre";-0.034;0.044;"Trendless";31;109;"W";"d";"little";88.8888888888889;0;"Insect-pollinated"
"Galium parisiense";0.171;0.067;"Increase";23;66;"Gr";"d";NA;100;0;"Insect-pollinated"
"Galium pumilum";0.061;0.04;"Increase";69;146;"W";"d";NA;83.3333333333333;0;"Insect-pollinated"
"Galium saxatile";0.014;0.061;"Trendless";45;84;"W";"d";"little";100;0;"Insect-pollinated"
"Galium verum";0.001;0.025;"Trendless";136;342;"Ye";"d";"abundant";70;10;"Insect-pollinated"
"Genista pilosa";0.012;0.033;"Trendless";79;128;"Ye";"fl";"absence";100;0;"Insect-pollinated"
"Genista tinctoria";0.057;0.035;"Increase";43;133;"Ye";"fl";"absence";83.3333333333333;0;"Insect-pollinated"
"Geranium columbinum";0.082;0.018;"Increase";142;427;"VPR";"d";NA;0;0;"Other"
"Geranium dissectum";-0.105;0.006;"Decline";902;2884;"VPR";"d";"little";28.5714285714286;0;"Other"
"Geranium molle";0.035;0.01;"Increase";483;1720;"VPR";"d";"abundant";66.6666666666667;0;"Insect-pollinated"
"Geranium purpureum";0.199;0.07;"Increase";28;80;"VPR";"d";NA;25;0;"Other"
"Geranium pusillum";-0.064;0.012;"Decline";226;1212;"VPR";"d";"abundant";33.3333333333333;0;"Other"
"Geranium pyrenaicum";0.041;0.048;"Trendless";30;113;"B";"d";"abundant";66.6666666666667;0;"Insect-pollinated"
"Geranium robertianum";-0.033;0.008;"Decline";756;1585;"VPR";"d";"little";50;0;"Insect-pollinated"
"Geranium rotundifolium";-0.002;0.013;"Trendless";252;1158;"VPR";"d";NA;42.8571428571429;0;"Other"
"Geranium sylvaticum";0.164;0.069;"Increase";35;43;"VPR";"d";"little";100;0;"Insect-pollinated"
"Geum urbanum";-0.012;0.008;"Decline";806;1846;"Ye";"d";"little";71.4285714285714;0;"Insect-pollinated"
"Glechoma hederacea";-0.066;0.009;"Decline";604;1276;"B";"l";"abundant";100;0;"Insect-pollinated"
"Gnaphalium uliginosum";-0.021;0.034;"Trendless";34;165;"Ye";"h";"abundant";80;0;"Insect-pollinated"
"Hedera helix";0.024;0.005;"Increase";2555;3644;"Gr";"d";"abundant";100;0;"Insect-pollinated"
"Helianthemum apenninum";-0.042;0.049;"Trendless";34;45;"W";"d";"absence";75;0;"Insect-pollinated"
"Helianthemum italicum";-0.243;0.078;"Decline";32;57;"Ye";"d";NA;85.7142857142857;14.2857142857143;"Insect-pollinated"
"Helianthemum nummularium";0.01;0.033;"Trendless";92;116;"Ye";"d";"absence";75;0;"Insect-pollinated"
"Helichrysum stoechas";0.088;0.046;"Increase";29;61;"Ye";"h";NA;75;0;"Insect-pollinated"
"Helleborus foetidus";0.004;0.038;"Trendless";64;95;"Gr";"b";"abundant";83.3333333333333;0;"Insect-pollinated"
"Helminthotheca echioides";-0.013;0.015;"Trendless";261;776;"Ye";"h";"little";85.7142857142857;0;"Insect-pollinated"
"Heracleum sphondylium";-0.028;0.008;"Decline";665;1624;"W";"h";"very abundant";100;0;"Insect-pollinated"
"Hieracium murorum";-0.275;0.036;"Decline";81;183;"Ye";"h";NA;66.6666666666667;0;"Insect-pollinated"
"Hippocrepis comosa";0.086;0.032;"Increase";85;139;"Ye";"fl";"abundant";100;0;"Insect-pollinated"
"Holcus lanatus";0.002;0.007;"Trendless";976;1917;"VPR";"br";"absence";0;85.7142857142857;"Wind-pollinated"
"Holcus mollis";0.022;0.013;"Increase";218;589;"W";"br";"absence";0;100;"Wind-pollinated"
"Hordeum murinum";-0.1;0.018;"Decline";214;459;"Gr";"br";"absence";0;75;"Wind-pollinated"
"Humulus lupulus";-0.042;0.026;"Decline";88;216;"Gr";"b";"absence";0;100;"Wind-pollinated"
"Hyacinthoides non-scripta";-0.015;0.015;"Trendless";151;326;"B";"b";"abundant";100;0;"Insect-pollinated"
"Hypericum humifusum";-0.084;0.039;"Decline";46;215;"Ye";"d";"absence";71.4285714285714;0;"Insect-pollinated"
"Hypericum maculatum";-0.052;0.049;"Decline";20;92;"Ye";"d";"absence";66.6666666666667;0;"Insect-pollinated"
"Hypericum perfoliatum";0.121;0.042;"Increase";24;139;"Ye";"d";NA;50;0;"Insect-pollinated"
"Hypericum perforatum";-0.049;0.01;"Decline";475;1299;"Ye";"d";"absence";62.5;0;"Insect-pollinated"
"Hypericum pulchrum";0.065;0.039;"Increase";58;223;"Ye";"d";"absence";66.6666666666667;0;"Insect-pollinated"
"Hypochaeris glabra";0.074;0.035;"Increase";39;116;"Ye";"h";"abundant";100;0;"Insect-pollinated"
"Hypochaeris radicata";0.052;0.01;"Increase";498;1230;"Ye";"h";"abundant";100;0;"Insect-pollinated"
"Ilex aquifolium";0.011;0.013;"Trendless";323;610;"W";"d";"little";100;0;"Insect-pollinated"
"Iris pseudacorus";-0.184;0.051;"Decline";44;108;"Ye";"d";"abundant";100;0;"Insect-pollinated"
"Jacobaea erucifolia";0.011;0.026;"Trendless";62;218;"Ye";"h";"little";100;0;"Insect-pollinated"
"Jacobaea vulgaris";-0.116;0.014;"Decline";261;913;"Ye";"h";"little";100;0;"Insect-pollinated"
"Juglans regia";-0.013;0.032;"Trendless";78;403;"Gr";"t";NA;0;100;"Wind-pollinated"
"Juncus acutiflorus";0.006;0.033;"Trendless";42;78;"VPR";"br";"absence";0;100;"Wind-pollinated"
"Juncus bufonius";-0.006;0.023;"Trendless";63;309;"W";"br";"absence";0;71.4285714285714;"Wind-pollinated"
"Juncus conglomeratus";0.074;0.028;"Increase";59;190;"VPR";"br";"absence";33.3333333333333;58.3333333333333;"Wind-pollinated"
"Juncus effusus";0.141;0.022;"Increase";142;370;"VPR";"br";"absence";30;50;"Wind-pollinated"
"Juncus inflexus";0.181;0.064;"Increase";20;85;"VPR";"br";"absence";0;100;"Wind-pollinated"
"Juncus tenuis";-0.012;0.04;"Trendless";20;133;"VPR";"br";"absence";0;87.5;"Wind-pollinated"
"Kickxia elatine";-0.006;0.016;"Trendless";126;750;"Ye";"l";NA;50;0;"Insect-pollinated"
"Kickxia spuria";-0.094;0.022;"Decline";64;422;"Ye";"l";"abundant";28.5714285714286;0;"Other"
"Knautia arvensis";-0.06;0.026;"Decline";106;258;"B";"f";"abundant";83.3333333333333;0;"Insect-pollinated"
"Lactuca muralis";-0.085;0.022;"Decline";91;278;"Ye";"h";"little";75;0;"Insect-pollinated"
"Lactuca sativa";0.115;0.048;"Increase";19;92;"Ye";"h";NA;0;0;"Other"
"Lactuca serriola";0.053;0.014;"Increase";236;1173;"Ye";"h";NA;33.3333333333333;0;"Other"
"Lactuca virosa";-0.204;0.064;"Decline";29;111;"Ye";"h";NA;100;0;"Insect-pollinated"
"Lamium album";-0.042;0.022;"Decline";96;254;"W";"l";"very abundant";80;0;"Insect-pollinated"
"Lamium amplexicaule";-0.111;0.062;"Decline";22;96;"VPR";"l";"abundant";62.5;0;"Insect-pollinated"
"Lamium galeobdolon";0.223;0.026;"Increase";136;248;"Ye";"l";"little";70.5882352941177;0;"Insect-pollinated"
"Lamium purpureum";-0.087;0.028;"Decline";81;307;"VPR";"l";"abundant";85.7142857142857;0;"Insect-pollinated"
"Lapsana communis";0.03;0.01;"Increase";446;1530;"Ye";"h";"little";71.4285714285714;0;"Insect-pollinated"
"Lathyrus aphaca";-0.117;0.037;"Decline";48;95;"Ye";"fl";"abundant";71.4285714285714;0;"Insect-pollinated"
"Lathyrus pratensis";0.044;0.025;"Increase";167;313;"Ye";"fl";"abundant";83.3333333333333;0;"Insect-pollinated"
"Laurus nobilis";0.043;0.032;"Increase";47;106;"Gr";"br";NA;100;0;"Insect-pollinated"
"Lavandula angustifolia";-0.049;0.061;"Trendless";26;49;"B";"l";"very abundant";75;0;"Insect-pollinated"
"Leontodon hispidus";-0.031;0.035;"Trendless";56;113;"Ye";"h";"abundant";83.3333333333333;0;"Insect-pollinated"
"Lepidium squamatum";-0.066;0.032;"Decline";33;259;"W";"d";"very abundant";0;0;"Other"
"Leucanthemum vulgare";0.046;0.016;"Increase";244;461;"W";"h";"abundant";50;0;"Insect-pollinated"
"Ligustrum vulgare";0.016;0.008;"Increase";579;989;"W";"dt";"abundant";83.3333333333333;0;"Insect-pollinated"
"Linaria repens";-0.147;0.058;"Decline";33;81;"W";"l";"abundant";100;0;"Insect-pollinated"
"Linaria vulgaris";-0.012;0.03;"Trendless";51;170;"Ye";"l";"abundant";100;0;"Insect-pollinated"
"Linum catharticum";0.009;0.062;"Trendless";23;68;"W";"d";"abundant";57.1428571428571;0;"Insect-pollinated"
"Linum strictum";0.419;0.086;"Increase";23;49;"Ye";"d";NA;100;0;"Insect-pollinated"
"Linum usitatissimum";-0.051;0.039;"Decline";37;100;"B";"d";"little";66.6666666666667;0;"Insect-pollinated"
"Lipandra polysperma";0.017;0.03;"Trendless";32;186;"VPR";"d";"absence";33.3333333333333;66.6666666666667;"Wind-pollinated"
"Lolium multiflorum";0.084;0.007;"Increase";339;1859;"Gr";"br";"absence";0;100;"Wind-pollinated"
"Lolium perenne";0.054;0.004;"Increase";2162;4549;"Gr";"br";"absence";0;100;"Wind-pollinated"
"Lolium rigidum";-0.051;0.079;"Trendless";24;68;"Gr";"br";"absence";0;100;"Wind-pollinated"
"Loncomelos pyrenaicus";0.155;0.06;"Increase";23;83;"W";"b";NA;83.3333333333333;0;"Insect-pollinated"
"Lonicera etrusca";0.02;0.038;"Trendless";66;103;"W";"l";NA;100;0;"Insect-pollinated"
"Lonicera implexa";-0.091;0.04;"Decline";70;139;"Ye";"l";"very abundant";100;0;"Insect-pollinated"
"Lonicera periclymenum";0.022;0.008;"Increase";748;1341;"W";"l";"abundant";66.6666666666667;0;"Insect-pollinated"
"Lonicera xylosteum";-0.058;0.024;"Decline";129;243;"W";"l";"little";62.5;0;"Insect-pollinated"
"Lotus corniculatus";-0.033;0.012;"Decline";553;1066;"Ye";"fl";"abundant";100;0;"Insect-pollinated"
"Lotus dorycnium";0.107;0.032;"Increase";126;171;"W";"fl";NA;100;0;"Insect-pollinated"
"Lotus pedunculatus";0.124;0.034;"Increase";61;189;"Ye";"fl";"abundant";100;0;"Insect-pollinated"
"Luzula campestris";-0.032;0.048;"Trendless";39;107;"VPR";"br";"absence";14.2857142857143;71.4285714285714;"Wind-pollinated"
"Luzula forsteri";-0.012;0.032;"Trendless";44;211;"VPR";"br";"absence";0;100;"Wind-pollinated"
"Luzula multiflora";0.068;0.051;"Increase";23;104;"VPR";"br";"absence";20;80;"Wind-pollinated"
"Luzula pilosa";-0.04;0.038;"Decline";40;97;"VPR";"br";"absence";0;83.3333333333333;"Wind-pollinated"
"Luzula sylvatica";0.014;0.038;"Trendless";61;118;"VPR";"br";"absence";0;100;"Wind-pollinated"
"Lychnis flos-cuculi";0.103;0.069;"Increase";21;37;"VPR";"dt";"little";66.6666666666667;0;"Insect-pollinated"
"Lycopsis arvensis";0.091;0.032;"Increase";30;187;"B";"dt";NA;80;0;"Insect-pollinated"
"Lycopus europaeus";-0.109;0.044;"Decline";27;97;"W";"l";"abundant";100;0;"Insect-pollinated"
"Lysimachia arvensis";-0.066;0.007;"Decline";763;2834;"VPR";"d";"absence";62.5;0;"Insect-pollinated"
"Lysimachia foemina";0.011;0.025;"Trendless";39;223;"B";"d";NA;60;0;"Insect-pollinated"
"Lysimachia nemorum";-0.03;0.041;"Trendless";41;66;"Ye";"d";"absence";100;0;"Insect-pollinated"
"Lysimachia nummularia";-0.087;0.027;"Decline";81;204;"Ye";"d";"absence";80;0;"Insect-pollinated"
"Lysimachia vulgaris";0.151;0.052;"Increase";31;108;"Ye";"d";"absence";80;0;"Insect-pollinated"
"Lythrum salicaria";0.025;0.032;"Trendless";72;167;"VPR";"d";"abundant";83.3333333333333;0;"Insect-pollinated"
"Malus sylvestris";0.158;0.041;"Increase";34;183;"W";"d";"abundant";100;0;"Insect-pollinated"
"Malva moschata";0.088;0.078;"Increase";22;57;"VPR";"d";"abundant";80;0;"Insect-pollinated"
"Malva neglecta";0.124;0.046;"Increase";32;147;"VPR";"d";"abundant";71.4285714285714;0;"Insect-pollinated"
"Malva sylvestris";0.064;0.033;"Increase";97;204;"VPR";"d";"abundant";85.7142857142857;0;"Insect-pollinated"
"Matricaria chamomilla";-0.016;0.009;"Decline";265;1223;"W";"h";NA;100;0;"Insect-pollinated"
"Matricaria discoidea";0.014;0.021;"Trendless";75;374;"Gr";"h";"abundant";85.7142857142857;0;"Insect-pollinated"
"Medicago arabica";-0.068;0.036;"Decline";72;246;"Ye";"fl";"abundant";71.4285714285714;0;"Insect-pollinated"
"Medicago lupulina";0.003;0.009;"Trendless";662;1542;"Ye";"fl";"abundant";62.5;0;"Insect-pollinated"
"Medicago minima";-0.017;0.021;"Trendless";131;325;"Ye";"fl";"abundant";80;0;"Insect-pollinated"
"Medicago orbicularis";-0.043;0.058;"Trendless";29;83;"Ye";"fl";"little";100;0;"Insect-pollinated"
"Medicago polymorpha";0.085;0.03;"Increase";61;213;"Ye";"fl";"abundant";45.4545454545455;0;"Other"
"Medicago sativa";0.066;0.015;"Increase";204;631;"VPR";"fl";"abundant";80;0;"Insect-pollinated"
"Melampyrum pratense";-0.101;0.029;"Decline";70;105;"Ye";"l";"very abundant";71.4285714285714;0;"Insect-pollinated"
"Melica uniflora";0.073;0.013;"Increase";194;358;"VPR";"br";"absence";0;100;"Wind-pollinated"
"Melilotus albus";-0.015;0.023;"Trendless";57;179;"W";"fl";"little";66.6666666666667;0;"Insect-pollinated"
"Melilotus officinalis";0.102;0.041;"Increase";29;108;"Ye";"fl";"abundant";75;0;"Insect-pollinated"
"Melittis melissophyllum";0.046;0.034;"Increase";49;99;"VPR";"l";"very abundant";85.7142857142857;0;"Insect-pollinated"
"Mentha aquatica";-0.01;0.027;"Trendless";56;146;"VPR";"l";"abundant";100;0;"Insect-pollinated"
"Mentha arvensis";0.1;0.064;"Increase";26;60;"VPR";"l";"very abundant";100;0;"Insect-pollinated"
"Mentha suaveolens";-0.018;0.032;"Trendless";65;140;"VPR";"l";"abundant";83.3333333333333;0;"Insect-pollinated"
"Mercurialis annua";-0.043;0.012;"Decline";230;914;"Gr";"d";"absence";16.6666666666667;66.6666666666667;"Wind-pollinated"
"Mercurialis perennis";-0.061;0.015;"Decline";215;448;"Gr";"d";"abundant";42.8571428571429;42.8571428571429;"Other"
"Milium effusum";0.084;0.029;"Increase";83;190;"Gr";"br";"absence";0;80;"Wind-pollinated"
"Moehringia trinervia";0.003;0.014;"Trendless";159;591;"W";"d";"abundant";66.6666666666667;0;"Insect-pollinated"
"Molinia caerulea";0.029;0.017;"Increase";265;422;"B";"br";"absence";0;100;"Wind-pollinated"
"Muscari comosum";-0.05;0.041;"Decline";46;147;"B";"b";"abundant";100;0;"Insect-pollinated"
"Muscari neglectum";-0.031;0.068;"Trendless";17;41;"B";"b";"little";100;0;"Insect-pollinated"
"Myosotis arvensis";-0.007;0.012;"Trendless";245;941;"B";"dt";"abundant";66.6666666666667;0;"Insect-pollinated"
"Myosotis ramosissima";-0.14;0.052;"Decline";23;107;"B";"dt";"abundant";57.1428571428571;0;"Insect-pollinated"
"Myosotis scorpioides";-0.032;0.041;"Trendless";28;112;"B";"dt";"abundant";100;0;"Insect-pollinated"
"Neottia ovata";-0.138;0.078;"Decline";24;75;"Gr";"l";"little";87.5;0;"Insect-pollinated"
"Onobrychis viciifolia";0.069;0.033;"Increase";46;82;"VPR";"fl";"abundant";80;0;"Insect-pollinated"
"Ononis minutissima";0.164;0.033;"Increase";81;129;"Ye";"fl";NA;100;0;"Insect-pollinated"
"Ononis spinosa";-0.145;0.051;"Decline";47;91;"VPR";"fl";"absence";100;0;"Insect-pollinated"
"Ophrys apifera";0.018;0.065;"Trendless";25;69;"VPR";"l";"little";42.8571428571429;0;"Other"
"Origanum vulgare";0.071;0.015;"Increase";225;427;"VPR";"l";"abundant";80;0;"Insect-pollinated"
"Oxalis acetosella";-0.171;0.026;"Decline";117;170;"W";"d";"little";44.4444444444444;0;"Other"
"Oxalis corniculata";-0.056;0.042;"Decline";55;137;"Ye";"d";NA;25;0;"Other"
"Papaver dubium";-0.123;0.055;"Decline";20;133;"VPR";"d";"absence";55.5555555555556;0;"Insect-pollinated"
"Papaver rhoeas";0.016;0.008;"Increase";466;1705;"VPR";"d";"little";100;0;"Insect-pollinated"
"Parietaria judaica";0.241;0.047;"Increase";43;121;"Gr";"d";"absence";20;80;"Wind-pollinated"
"Paris quadrifolia";0.005;0.043;"Trendless";41;53;"Gr";"d";"absence";57.1428571428571;14.2857142857143;"Insect-pollinated"
"Pastinaca sativa";0.021;0.015;"Increase";166;541;"Ye";"h";"abundant";100;0;"Insect-pollinated"
"Persicaria amphibia";-0.18;0.056;"Decline";22;80;"VPR";"b";"little";100;0;"Insect-pollinated"
"Persicaria hydropiper";-0.435;0.063;"Decline";18;63;"Gr";"b";"absence";0;0;"Other"
"Persicaria lapathifolia";-0.042;0.038;"Decline";28;159;"VPR";"b";NA;71.4285714285714;0;"Insect-pollinated"
"Persicaria maculosa";0.028;0.01;"Increase";307;1267;"VPR";"b";"little";80;0;"Insect-pollinated"
"Petrorhagia prolifera";0.348;0.12;"Increase";14;38;"VPR";"d";"little";71.4285714285714;0;"Insect-pollinated"
"Phalaris arundinacea";-0.08;0.023;"Decline";87;215;"B";"br";"absence";0;80;"Wind-pollinated"
"Phillyrea angustifolia";0.033;0.021;"Increase";172;290;"W";"t";NA;100;0;"Insect-pollinated"
"Phleum nodosum";-0.136;0.067;"Decline";13;55;"Gr";"br";"absence";0;100;"Wind-pollinated"
"Phleum pratense";0.073;0.017;"Increase";196;582;"Gr";"br";"absence";33.3333333333333;55.5555555555556;"Wind-pollinated"
"Phragmites australis";-0.12;0.036;"Decline";92;137;"B";"br";"absence";0;100;"Wind-pollinated"
"Phyteuma spicatum";-0.13;0.052;"Decline";34;48;"B";"d";NA;66.6666666666667;0;"Insect-pollinated"
"Picris hieracioides";-0.046;0.008;"Decline";692;1971;"Ye";"h";"abundant";71.4285714285714;0;"Insect-pollinated"
"Pilosella officinarum";0.011;0.023;"Trendless";184;333;"Ye";"h";NA;87.5;0;"Insect-pollinated"
"Pimpinella major";-0.155;0.063;"Decline";20;85;"VPR";"h";"abundant";100;0;"Insect-pollinated"
"Pimpinella saxifraga";-0.054;0.042;"Decline";50;107;"W";"h";NA;100;0;"Insect-pollinated"
"Pistacia lentiscus";-0.036;0.04;"Trendless";59;134;"VPR";"d";NA;0;50;"Wind-pollinated"
"Plantago coronopus";0.022;0.021;"Increase";125;338;"W";"br";"absence";0;100;"Wind-pollinated"
"Plantago lanceolata";0.011;0.006;"Increase";1711;3062;"W";"br";"absence";28.5714285714286;71.4285714285714;"Wind-pollinated"
"Plantago major";-0.056;0.008;"Decline";750;2108;"Gr";"br";"absence";0;83.3333333333333;"Wind-pollinated"
"Plantago maritima";-0.021;0.07;"Trendless";14;38;"W";"br";"absence";20;80;"Wind-pollinated"
"Plantago media";-0.012;0.032;"Trendless";125;216;"W";"br";"absence";57.1428571428571;42.8571428571429;"Insect-pollinated"
"Poa annua";-0.024;0.007;"Decline";782;2050;"Gr";"br";"absence";0;66.6666666666667;"Wind-pollinated"
"Poa bulbosa";-0.097;0.044;"Decline";39;95;"Gr";"br";"absence";0;100;"Wind-pollinated"
"Poa nemoralis";0.06;0.01;"Increase";325;857;"Gr";"br";"absence";0;100;"Wind-pollinated"
"Poa pratensis";-0.027;0.008;"Decline";560;1690;"Gr";"br";"absence";0;83.3333333333333;"Wind-pollinated"
"Poa trivialis";-0.032;0.007;"Decline";709;2185;"Gr";"br";"absence";0;100;"Wind-pollinated"
"Polygala vulgaris";-0.047;0.033;"Decline";80;150;"B";"d";"abundant";66.6666666666667;0;"Insect-pollinated"
"Polygonatum multiflorum";-0.034;0.014;"Decline";275;583;"W";"b";"little";75;0;"Insect-pollinated"
"Polygonatum odoratum";-0.009;0.037;"Trendless";33;150;"W";"b";"abundant";55.5555555555556;0;"Insect-pollinated"
"Polygonum aviculare";-0.028;0.006;"Decline";1101;3318;"VPR";"dt";"absence";28.5714285714286;0;"Other"
"Populus alba";0.074;0.048;"Increase";33;88;"Gr";"d";"absence";0;100;"Wind-pollinated"
"Populus nigra";0.116;0.041;"Increase";26;95;"Gr";"d";"absence";0;100;"Wind-pollinated"
"Populus tremula";0.11;0.022;"Increase";125;351;"Gr";"d";"absence";0;100;"Wind-pollinated"
"Portulaca oleracea";-0.003;0.028;"Trendless";91;211;"Ye";"d";"absence";36.3636363636364;27.2727272727273;"Other"
"Potentilla erecta";-0.021;0.025;"Trendless";173;292;"Ye";"d";"abundant";100;0;"Insect-pollinated"
"Potentilla indica";-0.029;0.023;"Decline";49;102;"Ye";"d";NA;66.6666666666667;0;"Insect-pollinated"
"Potentilla recta";0.078;0.058;"Increase";18;86;"Ye";"d";NA;75;0;"Insect-pollinated"
"Potentilla reptans";0.065;0.009;"Increase";679;1230;"Ye";"d";"abundant";100;0;"Insect-pollinated"
"Potentilla sterilis";0.022;0.022;"Trendless";96;241;"W";"d";"little";66.6666666666667;0;"Insect-pollinated"
"Potentilla verna";0.045;0.043;"Increase";55;112;"Ye";"d";NA;100;0;"Insect-pollinated"
"Poterium sanguisorba";-0.031;0.015;"Decline";347;584;"VPR";"d";NA;0;87.5;"Wind-pollinated"
"Prenanthes purpurea";-0.177;0.074;"Decline";22;33;"VPR";"h";"little";100;0;"Insect-pollinated"
"Primula elatior";0.069;0.056;"Increase";15;44;"Ye";"dt";"abundant";80;0;"Insect-pollinated"
"Primula veris";0.078;0.023;"Increase";144;325;"Ye";"dt";"abundant";100;0;"Insect-pollinated"
"Primula vulgaris";-0.138;0.051;"Decline";23;117;"Ye";"dt";"abundant";75;0;"Insect-pollinated"
"Prunella vulgaris";0.043;0.013;"Increase";369;886;"B";"l";"abundant";66.6666666666667;0;"Insect-pollinated"
"Prunus avium";-0.053;0.014;"Decline";317;1055;"W";"d";"very abundant";85.7142857142857;0;"Insect-pollinated"
"Prunus domestica";0.183;0.083;"Increase";23;94;"W";"d";"very abundant";85.7142857142857;0;"Insect-pollinated"
"Prunus laurocerasus";0.008;0.049;"Trendless";30;131;"W";"d";NA;100;0;"Insect-pollinated"
"Prunus mahaleb";-0.014;0.031;"Trendless";52;248;"W";"d";"abundant";100;0;"Insect-pollinated"
"Prunus spinosa";0.041;0.008;"Increase";725;1509;"W";"d";"abundant";83.3333333333333;0;"Insect-pollinated"
"Pulicaria dysenterica";0.085;0.037;"Increase";53;106;"Ye";"h";"little";83.3333333333333;0;"Insect-pollinated"
"Pulicaria odora";-0.034;0.045;"Trendless";82;120;"Ye";"h";NA;66.6666666666667;0;"Insect-pollinated"
"Quercus coccifera";-0.101;0.029;"Decline";140;150;"Ye";"br";NA;0;100;"Wind-pollinated"
"Quercus ilex";-0.041;0.016;"Decline";345;489;"Gr";"br";NA;0;75;"Wind-pollinated"
"Quercus petraea";-0.128;0.01;"Decline";372;1220;"Gr";"br";"absence";0;100;"Wind-pollinated"
"Quercus pubescens";0.005;0.016;"Trendless";322;543;"Gr";"br";"absence";0;75;"Wind-pollinated"
"Quercus robur";0.111;0.006;"Increase";1337;2796;"Gr";"br";"absence";0;100;"Wind-pollinated"
"Quercus rubra";0.096;0.044;"Increase";39;100;"Gr";"br";"absence";0;100;"Wind-pollinated"
"Ranunculus acris";0.025;0.013;"Increase";488;987;"Ye";"d";"abundant";100;0;"Insect-pollinated"
"Ranunculus bulbosus";-0.023;0.017;"Decline";216;494;"Ye";"d";"abundant";100;0;"Insect-pollinated"
"Ranunculus flammula";-0.002;0.045;"Trendless";33;133;"Ye";"d";"abundant";66.6666666666667;0;"Insect-pollinated"
"Ranunculus repens";-0.051;0.009;"Decline";624;1395;"Ye";"d";"abundant";80;0;"Insect-pollinated"
"Ranunculus sardous";0.024;0.04;"Trendless";42;146;"Ye";"d";"abundant";80;0;"Insect-pollinated"
"Ranunculus serpens";0.004;0.049;"Trendless";28;55;"Ye";"d";NA;100;0;"Insect-pollinated"
"Raphanus raphanistrum";0.102;0.079;"Increase";21;82;"W";"d";"abundant";90;0;"Insect-pollinated"
"Reichardia picroides";0.011;0.05;"Trendless";38;97;"Ye";"h";NA;100;0;"Insect-pollinated"
"Reseda lutea";-0.056;0.047;"Decline";28;153;"Ye";"d";"abundant";71.4285714285714;0;"Insect-pollinated"
"Rhamnus alaternus";0.023;0.032;"Trendless";86;178;"Ye";"d";NA;50;0;"Insect-pollinated"
"Rhamnus cathartica";-0.002;0.042;"Trendless";32;135;"Gr";"d";"abundant";100;0;"Insect-pollinated"
"Rhinanthus alectorolophus";-0.076;0.057;"Decline";20;37;"Ye";"l";"abundant";66.6666666666667;0;"Insect-pollinated"
"Rhinanthus minor";0.162;0.059;"Increase";24;68;"Ye";"l";"little";66.6666666666667;0;"Insect-pollinated"
"Ribes rubrum";0.017;0.023;"Trendless";81;202;"Gr";"d";"very abundant";83.3333333333333;0;"Insect-pollinated"
"Robinia pseudoacacia";-0.007;0.018;"Trendless";195;382;"W";"fl";"abundant";100;0;"Insect-pollinated"
"Rosa agrestis";0.282;0.041;"Increase";32;148;"VPR";"d";"absence";83.3333333333333;0;"Insect-pollinated"
"Rosa arvensis";-0.01;0.018;"Trendless";156;546;"W";"d";"absence";66.6666666666667;0;"Insect-pollinated"
"Rosa canina";-0.008;0.015;"Trendless";271;804;"VPR";"d";"absence";53.8461538461538;0;"Insect-pollinated"
"Rosmarinus officinalis";0.084;0.032;"Increase";131;140;"B";"l";"very abundant";100;0;"Insect-pollinated"
"Rubia peregrina";0.032;0.011;"Increase";602;786;"Gr";"d";NA;100;0;"Insect-pollinated"
"Rubus";0.047;0.004;"Increase";2063;3465;"W";"d";"very abundant";80;0;"Insect-pollinated"
"Rumex acetosa";0.024;0.011;"Increase";509;1133;"Gr";"d";"absence";28.5714285714286;71.4285714285714;"Wind-pollinated"
"Rumex acetosella";-0.082;0.019;"Decline";162;472;"Gr";"d";"absence";0;100;"Wind-pollinated"
"Rumex conglomeratus";0.018;0.02;"Trendless";103;589;"Gr";"d";"absence";0;80;"Wind-pollinated"
"Rumex crispus";0.028;0.017;"Increase";240;942;"Gr";"d";"absence";0;100;"Wind-pollinated"
"Rumex longifolius";-0.306;0.104;"Decline";27;45;"VPR";"d";"absence";0;100;"Wind-pollinated"
"Rumex obtusifolius";-0.062;0.014;"Decline";287;1052;"Gr";"d";"absence";0;100;"Wind-pollinated"
"Rumex pulcher";-0.118;0.073;"Decline";33;78;"Gr";"d";"absence";0;83.3333333333333;"Wind-pollinated"
"Rumex sanguineus";0.009;0.035;"Trendless";58;199;"Gr";"d";"absence";0;100;"Wind-pollinated"
"Ruscus aculeatus";0.046;0.018;"Increase";249;405;"Gr";"b";NA;100;0;"Insect-pollinated"
"Sagina apetala";0.092;0.018;"Increase";104;287;"W";"d";"abundant";77.7777777777778;0;"Insect-pollinated"
"Sagina procumbens";0.098;0.027;"Increase";48;122;"W";"d";"abundant";20;0;"Other"
"Salix atrocinerea";0.026;0.037;"Trendless";50;126;"Gr";"br";NA;0;100;"Wind-pollinated"
"Salix caprea";0.016;0.037;"Trendless";52;190;"Gr";"br";"very abundant";50;50;"Insect-pollinated"
"Salix cinerea";0.024;0.075;"Trendless";18;55;"Gr";"br";"little";71.4285714285714;28.5714285714286;"Insect-pollinated"
"Salvia pratensis";0.048;0.048;"Trendless";54;87;"B";"l";"abundant";66.6666666666667;0;"Insect-pollinated"
"Sambucus nigra";-0.09;0.018;"Decline";189;498;"W";"d";"abundant";83.3333333333333;0;"Insect-pollinated"
"Scabiosa columbaria";-0.009;0.055;"Trendless";29;60;"B";"l";NA;100;0;"Insect-pollinated"
"Scandix pecten-veneris";0.183;0.056;"Increase";32;66;"W";"h";NA;75;0;"Insect-pollinated"
"Schedonorus arundinaceus";0.001;0.011;"Trendless";225;734;"Gr";"br";"absence";0;100;"Wind-pollinated"
"Schedonorus giganteus";-0.15;0.049;"Decline";27;137;"Gr";"br";"absence";0;100;"Wind-pollinated"
"Schedonorus pratensis";-0.057;0.02;"Decline";144;448;"Gr";"br";"absence";0;100;"Wind-pollinated"
"Scorzoneroides autumnalis";-0.31;0.074;"Decline";26;55;"Ye";"h";"little";100;0;"Insect-pollinated"
"Scrophularia nodosa";0.006;0.035;"Trendless";39;212;"VPR";"l";"abundant";100;0;"Insect-pollinated"
"Sedum acre";0.055;0.024;"Increase";70;124;"Ye";"d";"abundant";83.3333333333333;0;"Insect-pollinated"
"Sedum album";0.068;0.027;"Increase";71;130;"W";"d";"abundant";75;0;"Insect-pollinated"
"Sedum sediforme";0.234;0.032;"Increase";71;90;"Ye";"d";NA;100;0;"Insect-pollinated"
"Senecio inaequidens";-0.073;0.047;"Decline";31;104;"Ye";"h";NA;50;0;"Insect-pollinated"
"Senecio vulgaris";-0.004;0.01;"Trendless";447;2156;"Ye";"h";"abundant";42.8571428571429;0;"Other"
"Setaria italica";0.125;0.045;"Increase";24;109;"Gr";"br";"absence";0;66.6666666666667;"Wind-pollinated"
"Sherardia arvensis";-0.045;0.018;"Decline";218;498;"B";"d";"little";66.6666666666667;0;"Insect-pollinated"
"Silene dioica";-0.031;0.034;"Trendless";58;172;"VPR";"dt";"abundant";100;0;"Insect-pollinated"
"Silene italica";-0.054;0.032;"Decline";84;145;"W";"dt";NA;100;0;"Insect-pollinated"
"Silene latifolia";-0.016;0.014;"Decline";276;896;"VPR";"dt";"abundant";100;0;"Insect-pollinated"
"Silene vulgaris";0.017;0.024;"Trendless";144;355;"W";"dt";"abundant";85.7142857142857;0;"Insect-pollinated"
"Sinapis arvensis";-0.056;0.014;"Decline";169;1121;"Ye";"d";"abundant";57.1428571428571;0;"Insect-pollinated"
"Sisymbrium officinale";0.055;0.019;"Increase";100;531;"Ye";"d";"little";66.6666666666667;0;"Insect-pollinated"
"Smilax aspera";0.016;0.019;"Trendless";197;286;"Ye";"d";NA;100;0;"Insect-pollinated"
"Solanum dulcamara";-0.194;0.027;"Decline";95;428;"B";"d";"absence";100;0;"Insect-pollinated"
"Solanum nigrum";-0.082;0.008;"Decline";372;1937;"W";"d";"absence";83.3333333333333;0;"Insect-pollinated"
"Solidago canadensis";-0.072;0.044;"Decline";32;90;"Ye";"h";"abundant";83.3333333333333;0;"Insect-pollinated"
"Solidago virgaurea";0.041;0.048;"Trendless";46;97;"Ye";"h";"abundant";75;0;"Insect-pollinated"
"Sonchus arvensis";-0.118;0.026;"Decline";85;447;"Ye";"h";"abundant";66.6666666666667;0;"Insect-pollinated"
"Sonchus asper";-0.007;0.009;"Trendless";556;2836;"Ye";"h";"abundant";83.3333333333333;0;"Insect-pollinated"
"Sonchus oleraceus";0.014;0.011;"Increase";388;1934;"Ye";"h";"abundant";80;0;"Insect-pollinated"
"Sorbus aria";0.001;0.034;"Trendless";87;120;"W";"d";"very abundant";100;0;"Insect-pollinated"
"Sorbus aucuparia";-0.009;0.023;"Trendless";162;330;"W";"d";"abundant";100;0;"Insect-pollinated"
"Sorbus torminalis";0.001;0.019;"Trendless";153;383;"W";"d";"little";100;0;"Insect-pollinated"
"Spartium junceum";0.216;0.055;"Increase";35;62;"Ye";"fl";NA;100;0;"Insect-pollinated"
"Stachys recta";-0.091;0.081;"Decline";31;74;"W";"l";"very abundant";66.6666666666667;0;"Insect-pollinated"
"Stachys sylvatica";-0.118;0.022;"Decline";102;319;"VPR";"l";"abundant";80;0;"Insect-pollinated"
"Stellaria graminea";0.011;0.019;"Trendless";117;261;"W";"d";"abundant";80;0;"Insect-pollinated"
"Stellaria holostea";-0.077;0.018;"Decline";225;397;"W";"d";"little";80;0;"Insect-pollinated"
"Stellaria media";-0.064;0.011;"Decline";347;1263;"W";"d";"little";71.4285714285714;0;"Insect-pollinated"
"Symphytum officinale";-0.099;0.023;"Decline";109;299;"B";"b";"abundant";80;0;"Insect-pollinated"
"Tanacetum vulgare";0.054;0.024;"Increase";96;234;"Ye";"h";"abundant";83.3333333333333;0;"Insect-pollinated"
"Taraxacum";-0.053;0.006;"Decline";115;752;"Ye";"h";NA;50;0;"Insect-pollinated"
"Teucrium chamaedrys";0.074;0.02;"Increase";218;349;"VPR";"l";"abundant";40;20;"Other"
"Teucrium scorodonia";-0.017;0.011;"Decline";360;681;"W";"l";"abundant";71.4285714285714;0;"Insect-pollinated"
"Thymus praecox";0.03;0.054;"Trendless";40;75;"VPR";"l";"abundant";100;0;"Insect-pollinated"
"Thymus pulegioides";0.006;0.052;"Trendless";35;52;"VPR";"l";"abundant";100;0;"Insect-pollinated"
"Thymus serpyllum";0.077;0.047;"Increase";54;84;"VPR";"l";"little";83.3333333333333;0;"Insect-pollinated"
"Thymus vulgaris";-0.077;0.023;"Decline";209;261;"VPR";"l";"little";83.3333333333333;0;"Insect-pollinated"
"Tilia cordata";0.102;0.029;"Increase";46;162;"W";"d";"abundant";66.6666666666667;22.2222222222222;"Insect-pollinated"
"Tilia platyphyllos";-0.079;0.03;"Decline";42;109;"W";"d";"abundant";83.3333333333333;16.6666666666667;"Insect-pollinated"
"Tordylium maximum";-0.109;0.044;"Decline";24;123;"W";"h";"abundant";100;0;"Insect-pollinated"
"Torilis arvensis";0.204;0.022;"Increase";129;516;"W";"h";NA;80;0;"Insect-pollinated"
"Torilis japonica";0.184;0.022;"Increase";78;490;"W";"h";"abundant";100;0;"Insect-pollinated"
"Torilis nodosa";0.056;0.045;"Increase";66;155;"W";"h";"abundant";100;0;"Insect-pollinated"
"Tragopogon porrifolius";0.053;0.081;"Trendless";22;58;"VPR";"h";NA;75;0;"Insect-pollinated"
"Tragopogon pratensis";-0.05;0.02;"Decline";157;480;"Ye";"h";"abundant";83.3333333333333;0;"Insect-pollinated"
"Trifolium arvense";-0.129;0.037;"Decline";51;164;"VPR";"fl";"abundant";80;0;"Insect-pollinated"
"Trifolium campestre";0.009;0.016;"Trendless";155;603;"Ye";"fl";"abundant";83.3333333333333;0;"Insect-pollinated"
"Trifolium dubium";0.029;0.024;"Increase";96;308;"Ye";"fl";"abundant";80;0;"Insect-pollinated"
"Trifolium fragiferum";0.166;0.029;"Increase";42;168;"VPR";"fl";"abundant";83.3333333333333;0;"Insect-pollinated"
"Trifolium hybridum";-0.108;0.047;"Decline";24;129;"VPR";"fl";"abundant";100;0;"Insect-pollinated"
"Trifolium incarnatum";-0.053;0.102;"Trendless";25;48;"VPR";"fl";"little";80;0;"Insect-pollinated"
"Trifolium pratense";-0.025;0.009;"Decline";749;1596;"VPR";"fl";"abundant";100;0;"Insect-pollinated"
"Trifolium repens";-0.064;0.007;"Decline";1252;2449;"W";"fl";"abundant";100;0;"Insect-pollinated"
"Tripleurospermum inodorum";0.048;0.008;"Increase";404;1681;"W";"h";"little";100;0;"Insect-pollinated"
"Trisetum flavescens";-0.002;0.033;"Trendless";87;202;"Ye";"br";"absence";25;75;"Wind-pollinated"
"Tussilago farfara";-0.096;0.052;"Decline";26;60;"Ye";"h";"abundant";100;0;"Insect-pollinated"
"Ulex europaeus";0.02;0.018;"Increase";167;272;"Ye";"fl";"little";100;0;"Insect-pollinated"
"Ulex minor";-0.038;0.025;"Decline";81;179;"Ye";"fl";NA;100;0;"Insect-pollinated"
"Ulmus minor";-0.019;0.011;"Decline";334;756;"VPR";"d";"absence";17.6470588235294;82.3529411764706;"Wind-pollinated"
"Urospermum dalechampii";0.045;0.035;"Increase";64;132;"Ye";"h";NA;100;0;"Insect-pollinated"
"Urtica dioica";-0.025;0.007;"Decline";999;1932;"Gr";"d";NA;28.5714285714286;71.4285714285714;"Wind-pollinated"
"Urtica urens";-0.084;0.036;"Decline";43;206;"Gr";"d";"absence";0;83.3333333333333;"Wind-pollinated"
"Vaccinium myrtillus";0.067;0.034;"Increase";111;143;"VPR";"d";"abundant";62.5;0;"Insect-pollinated"
"Valerianella locusta";-0.021;0.058;"Trendless";27;75;"B";"f";"little";50;0;"Insect-pollinated"
"Verbascum thapsus";-0.129;0.078;"Decline";16;60;"Ye";"d";NA;71.4285714285714;0;"Insect-pollinated"
"Verbena officinalis";-0.024;0.029;"Trendless";91;259;"B";"dt";"abundant";80;0;"Insect-pollinated"
"Veronica agrestis";-0.072;0.038;"Decline";34;197;"B";"d";"abundant";80;0;"Insect-pollinated"
"Veronica arvensis";-0.125;0.011;"Decline";432;1706;"B";"d";"abundant";80;0;"Insect-pollinated"
"Veronica chamaedrys";-0.128;0.014;"Decline";315;895;"B";"d";"abundant";80;0;"Insect-pollinated"
"Veronica hederifolia";-0.113;0.026;"Decline";59;267;"B";"d";"abundant";66.6666666666667;0;"Insect-pollinated"
"Veronica montana";0.109;0.037;"Increase";50;113;"B";"d";"abundant";100;0;"Insect-pollinated"
"Veronica officinalis";-0.006;0.024;"Trendless";111;354;"B";"d";"abundant";83.3333333333333;0;"Insect-pollinated"
"Veronica persica";-0.031;0.007;"Decline";672;2349;"B";"d";"abundant";80;0;"Insect-pollinated"
"Veronica polita";-0.005;0.06;"Trendless";16;54;"B";"d";"abundant";60;0;"Insect-pollinated"
"Veronica serpyllifolia";0.021;0.042;"Trendless";33;135;"B";"d";"abundant";100;0;"Insect-pollinated"
"Viburnum lantana";-0.032;0.016;"Decline";178;345;"W";"d";NA;80;0;"Insect-pollinated"
"Viburnum opulus";0.008;0.034;"Trendless";41;153;"W";"d";"little";75;0;"Insect-pollinated"
"Viburnum tinus";0.127;0.047;"Increase";88;165;"W";"d";NA;100;0;"Insect-pollinated"
"Vicia cracca";0.044;0.022;"Increase";121;341;"B";"fl";"abundant";100;0;"Insect-pollinated"
"Vicia hybrida";-0.186;0.069;"Decline";27;57;"Ye";"fl";NA;100;0;"Insect-pollinated"
"Vicia lathyroides";0.019;0.046;"Trendless";20;106;"VPR";"fl";"little";100;0;"Insect-pollinated"
"Vicia lutea";0.193;0.064;"Increase";18;92;"Ye";"fl";"abundant";83.3333333333333;0;"Insect-pollinated"
"Vicia sativa";-0.001;0.008;"Trendless";606;1690;"B";"fl";"abundant";66.6666666666667;0;"Insect-pollinated"
"Vicia segetalis";-0.001;0.023;"Trendless";99;406;"VPR";"fl";"abundant";66.6666666666667;0;"Insect-pollinated"
"Vicia sepium";-0.109;0.021;"Decline";196;408;"B";"fl";"abundant";80;0;"Insect-pollinated"
"Vinca minor";-0.309;0.115;"Decline";39;87;"B";"dt";"abundant";100;0;"Insect-pollinated"
"Vincetoxicum hirundinaria";0.013;0.06;"Trendless";37;82;"W";"dt";"little";100;0;"Insect-pollinated"
"Viola arvensis";-0.142;0.008;"Decline";494;1627;"Ye";"l";"abundant";50;0;"Insect-pollinated"
"Viola canina";-0.087;0.062;"Decline";38;68;"B";"l";"abundant";75;0;"Insect-pollinated"
"Viola hirta";-0.055;0.021;"Decline";62;283;"B";"l";"abundant";66.6666666666667;0;"Insect-pollinated"
"Viola odorata";-0.065;0.015;"Decline";160;650;"B";"l";"abundant";60;0;"Insect-pollinated"
"Viola reichenbachiana";0.006;0.011;"Trendless";268;723;"B";"l";"abundant";66.6666666666667;0;"Insect-pollinated"
"Viola riviniana";-0.026;0.016;"Decline";116;527;"B";"l";"abundant";57.1428571428571;0;"Insect-pollinated"
"Viola tricolor";-0.305;0.091;"Decline";21;79;"W";"l";"abundant";60;0;"Insect-pollinated"
"Vitis vinifera";-0.005;0.025;"Trendless";122;149;"Gr";"d";"absence";60;20;"Insect-pollinated"
"Vulpia bromoides";-0.029;0.025;"Decline";37;206;"Gr";"br";"absence";0;33.3333333333333;"Other"
"Vulpia myuros";0.012;0.021;"Trendless";74;445;"Gr";"br";"absence";0;57.1428571428571;"Wind-pollinated"
